Model,Accuracy
AI1,0.6076923076923076
NN,0.5294117647058824
AI3,0.6126126126126126
AI2,0.5433070866141733
AI4,0.6069651741293532
